{"cameraMode":{"drawMode":0,"name":"Shaded","section":"Shading Mode"},"sceneLighting":false,"audioPlay":false,"sceneViewState":{"showFog":true,"showMaterialUpdate":false,"showSkybox":true,"showFlares":true,"showImageEffects":true,"showParticleSystems":true},"in2DMode":false,"pivot":{"x":-2.0249996185302736,"y":0.0,"z":-0.10000000149011612},"rotation":{"x":0.07493428885936737,"y":0.012876633554697037,"z":-0.0009572819690220058,"w":0.997151255607605},"size":6.071550369262695,"orthographic":false}